{
  "2D": 1.23600006103516,
  "3D": 417.954999446869,
  "AssetLib": 94.2020003795624,
  "Editor": 2799.64200115204,
  "Game": 135.014000177383,
  "Script": 2151.23500108719
}